exp_id,gpu,dtype,batch,img_size,p50_ms,p95_ms,p99_ms,images_per_s,relative_cost,warmup,iterations,includes_preprocessing
I00,NVIDIA GeForce RTX 5060 Ti,fp32,1,224,4.127200008952059,4.374965016904753,6.141569990140852,242.29501788887399,1.0,10,100,False
I01,NVIDIA GeForce RTX 5060 Ti,fp32,1,224,7.537149998825043,9.322154994879384,9.830981999402868,132.67614418658096,1.8262138937964405,10,100,False
I02,NVIDIA GeForce RTX 5060 Ti,fp32,1,"[192, 224, 256]",11.053299997001886,12.099869988742284,12.530068005726207,90.47071917628595,2.678159520504663,10,100,False
I03,NVIDIA GeForce RTX 5060 Ti,fp32,1,"[192, 224, 256]",11.053299997001886,12.099869988742284,12.530068005726207,90.47071917628595,2.678159520504663,10,100,False
I04,NVIDIA GeForce RTX 5060 Ti,fp32,1,256,3.582649995223619,3.770240012090653,3.9106610033195466,279.12299592011436,0.8680582446822811,10,100,False
I05,NVIDIA GeForce RTX 5060 Ti,fp32,1,224,11.663749988656491,12.721254996722564,14.703773977235002,85.73571972757851,2.826068512152878,10,100,False
I06,NVIDIA GeForce RTX 5060 Ti,fp32,1,224,4.127200008952059,4.374965016904753,6.141569990140852,242.29501788887399,1.0,10,100,False
I07,NVIDIA GeForce RTX 5060 Ti,fp16,1,224,4.203499993309379,4.461660025117453,4.550607983546797,237.89699098172443,1.0184871060747775,10,100,False
I00_batch32,NVIDIA GeForce RTX 5060 Ti,fp32,32,224,41.36099999595899,42.45245000493014,42.577862000034656,773.6756848994568,,10,50,False
